ID,Species,Weight,Length,Width,Thickness,Analyst,Volume,Weight/Volume,Note
1,Bonobo,626.6,134.09,98.56,40.86,CL,540002.0989,0.001160366,
2,Bonobo,1533.8,146.13,109.88,84.77,CL,1361131.918,0.001126856,
3,Bonobo,911.6,137.73,97.23,70.64,CL,945974.7053,0.000963662,
4,Bonobo,718.3,143.51,97,49.25,CL,685583.1475,0.001047721,
5,Bonobo,950.6,153.76,90.56,67.24,CL,936283.7565,0.00101529,
6,Bonobo,772.4,116.79,91.44,69.44,CL,741569.0365,0.001041575,
7,Bonobo,1163.6,165.78,131.81,73.88,CL,1614385.998,0.000720769,
8,Bonobo,783.7,128.36,106.24,60.22,CL,821218.1166,0.000954314,
9,Bonobo,1095.6,140.41,116.28,79.91,CL,1304680.565,0.000839746,
10,Bonobo,850,138.81,91.61,71.95,CL,914943.836,0.000929019,
11,Bonobo,1278.5,153.78,127.04,72.56,CL,1417547.485,0.00090191,
12,Bonobo,992.5,157.89,106.32,68.88,CL,1156279.247,0.000858357,
13,Bonobo,884.9,141,118,49,CL,815262,0.001085418,
14,Bonobo,774.3,119.12,119.12,70.52,CL,1000648.787,0.000773798,
15,Bonobo,708.3,153.78,75.37,69.48,CL,805300.8947,0.000879547,
16,Bonobo,737,141,128,58,CL,1046784,0.000704061,
17,Bonobo,1019.5,185.4,93.51,70.87,CL,1228655.756,0.000829769,
18,Bonobo,1323.3,138,126,83,CL,1443204,0.000916918,
19,Bonobo,895.1,173.35,97.66,62.94,CL,1065533.981,0.000840048,
20,Bonobo,1145.7,153.69,136.87,75.05,CL,1578718.05,0.000725715,
21,Bonobo,1786.7,152,121,88,CL,1618496,0.001103926,
22,Bonobo,1090.1,141,134,64,CL,1209216,0.000901493,
23,Bonobo,1377.2,175.07,153.75,69.83,CL,1879614.983,0.000732703,
24,Bonobo,1239.3,150.58,127.47,93.5,CL,1794679.448,0.000690541,
25,Bonobo,1044.3,139.67,96.17,77.33,CL,1038701.501,0.00100539,
26,Bonobo,616.8,111,97,76,CL,818292,0.000753765,
27,Bonobo,1301.3,131.42,117.3,81.54,CL,1256985.252,0.001035255,
28,Bonobo,612.6,105.34,101.44,60.71,CL,648728.2156,0.000944309,
29,Bonobo,1543.7,172.59,114.67,81.88,CL,1620478.507,0.00095262,
30,Bonobo,1044.8,148.8,130.67,74.67,CL,1451860.78,0.000719628,
31,Bonobo,816,153.72,95.44,70.63,CL,1036215.329,0.000787481,
32,Bonobo,768.1,136.75,99.05,71.72,CL,971453.6755,0.000790671,
33,Bonobo,1085.4,134.51,113.31,80.06,CL,1220220.728,0.000889511,
34,Bonobo,1021,150.76,103.08,89.08,CL,1384333.558,0.000737539,
35,Bonobo,853.3,130.21,93.8,88.95,CL,1086408.437,0.000785432,
36,Bonobo,1353.9,141.5,133.77,85.3,CL,1614597.212,0.000838537,
37,Bonobo,1331.4,151.27,119.55,65.51,CL,1184704.36,0.001123825,
38,Bonobo,863.2,140.95,115.19,60.84,CL,987800.0956,0.000873861,
39,Bonobo,1256.2,133.3,116.99,103.6,CL,1615617.861,0.000777535,
40,Bonobo,680.3,163.87,104.5,57.36,CL,982256.4444,0.000692589,
41,Bonobo,1059.9,135.54,85.24,85.32,CL,985738.6135,0.001075234,
42,Bonobo,1470.8,139.16,100.65,98.79,CL,1383697.591,0.001062949,
43,Bonobo,1153,135.8,109.36,91.8,CL,1363329.878,0.000845723,
44,Bonobo,1306.6,143.92,124.64,79.37,CL,1423754.045,0.000917715,
45,Bonobo,905.9,117.19,99.57,76.88,CL,897082.6061,0.001009829,
46,Bonobo,1006.4,134.38,104.24,78.93,CL,1105633.381,0.000910247,
47,Bonobo,1595.3,180.06,108.94,79.5,CL,1559451.044,0.001022988,
48,Bonobo,926,145.03,96.15,77.24,CL,1077083.569,0.000859729,
49,Bonobo,870.9,180.53,107.33,68.37,CL,1324756.599,0.000657404,
50,Bonobo,1230.1,159.86,144.13,68.3,CL,1573674.469,0.000781674,
51,Bonobo,644.1,135.23,77.35,73.67,CL,770591.1836,0.000835852,
52,Bonobo,814.1,166.45,90.58,54.02,CL,814461.7548,0.000999556,
53,Bonobo,1137.7,143.44,126.06,73.73,CL,1333189.281,0.000853367,
54,Bonobo,1846.3,163,123.6,85.1,CL,1714492.68,0.001076878,
55,Bonobo,1254.6,164,147.3,83.6,CL,2019541.92,0.00062123,
56,Bonobo,685.3,138.8,98.2,58.4,CL,796001.344,0.000860928,
57,Bonobo,1895.8,215,144,83,CL,2569680,0.000737757,
58,Bonobo,810.3,160,94,52.9,CL,795616,0.001018456,
59,Bonobo,698.2,155.1,108.4,48.7,CL,818785.308,0.000852727,
60,Bonobo,819.2,142.1,135.9,55.3,CL,1067919.867,0.000767099,
61,Bonobo,1455,158,124.3,75.8,CL,1488666.52,0.000977385,
62,Bonobo,1984,183,134,105,CL,2574810,0.000770542,
63,Bonobo,1439.4,206,118.9,59.5,CL,1457357.3,0.000987678,
64,Bonobo,903.8,147.7,108.5,72.4,CL,1160242.58,0.000778975,
65,Bonobo,661.4,134.7,78.1,59.8,CL,629100.186,0.001051343,
66,Bonobo,2069.6,187,129,85,CL,2050455,0.001009337,
67,Bonobo,2013.3,181,133,104.4,CL,2513221.2,0.000801083,
68,Bonobo,665.5,142.8,99.1,91.4,CL,1293445.272,0.000514517,
69,Bonobo,740.5,135.1,111.7,49.7,CL,750006.299,0.000987325,
70,Bonobo,945.1,176,93.6,69,CL,1136678.4,0.000831458,
71,Bonobo,1694,178,141,79.9,CL,2005330.2,0.000844749,
72,Bonobo,1391.5,203,130,74.7,CL,1971333,0.000705868,
73,Bonobo,1317.1,199,96.9,60,CL,1156986,0.001138389,
74,Bonobo,656.6,108.3,91.7,80.8,CL,802433.688,0.000818261,
75,Bonobo,776.7,129.1,105.2,58.2,CL,790432.824,0.000982626,
76,Bonobo,1739.4,164,141,105,CL,2428020,0.000716386,
77,Bonobo,1887.1,162,141,99,CL,2261358,0.000834499,
78,Bonobo,1181.5,163,94,86.8,CL,1329949.6,0.00088838,
79,Bonobo,637,141.4,105,73,CL,1083831,0.00058773,
80,Bonobo,746.9,132.7,109.1,48.4,CL,700714.388,0.001065912,
81,Bonobo,1107,161,100,72.7,DS,1170470,0.000945774,
82,Bonobo,1521,132,114.4,104.3,DS,1575013.44,0.000965706,
83,Bonobo,2059,184,110.1,90,DS,1823256,0.001129298,
84,Bonobo,1278,142,118.1,75.9,DS,1272858.18,0.00100404,
85,Bonobo,1872,173,121.5,94.9,DS,1994750.55,0.000938463,
86,Bonobo,911,122.6,125.2,67.4,DS,1034557.648,0.00088057,
87,Bonobo,867,126,112.3,80.1,DS,1133398.98,0.000764956,
88,Bonobo,1838,190,148,80,DS,2249600,0.000817034,
89,Bonobo,1421,175,91,86,DS,1369550,0.001037567,
90,Bonobo,631,137,112.4,61.7,DS,950105.96,0.000664136,
91,Bonobo,730,138.9,108,41.7,DS,625550.04,0.001166973,
92,Bonobo,839,168,114.3,49.7,DS,954359.28,0.000879124,
93,Bonobo,766,138.6,92.9,62,DS,798308.28,0.000959529,
94,Bonobo,1472,149.7,112.8,110.8,DS,1870986.528,0.000786751,
95,Bonobo,1280,160,130,101,DS,2100800,0.000609292,
96,Bonobo,948,140.7,115.7,79,DS,1286040.21,0.000737146,
97,Bonobo,1186,188,121.7,49.5,DS,1132540.2,0.001047203,
98,Bonobo,698,160,108.2,54.5,DS,943504,0.000739795,
99,Bonobo,715,149.4,102.9,43.8,DS,673348.788,0.001061857,
100,Bonobo,1360,169,118,83,DS,1655186,0.00082166,
101,Bonobo,724.4,149.1,110.6,66.4,CL,1094966.544,0.000661573,
102,Bonobo,1699,169,158,102,CL,2723604,0.000623806,
103,Bonobo,1572.9,199,133,87.4,CL,2313215.8,0.000679963,
104,Bonobo,1003.2,139.1,85,83.6,CL,988444.6,0.001014928,
105,Bonobo,925.8,155.9,101.8,66,CL,1047460.92,0.000883852,
106,Bonobo,1093.2,161,85.8,79.4,CL,1096815.72,0.000996703,
107,Bonobo,1948.9,166,164,106.8,CL,2907523.2,0.000670296,
108,Bonobo,1245.2,174,103.8,76.8,CL,1387100.16,0.0008977,
109,Bonobo,1028.9,220,112.5,47.9,CL,1185525,0.000867886,
110,Bonobo,972.8,146.9,112.2,89.5,CL,1475155.11,0.000659456,
111,Bonobo,1141.2,154,115,87.1,CL,1542541,0.000739818,
112,Bonobo,1096.8,136.1,114.8,105.3,CL,1645236.684,0.000666652,
113,Bonobo,1873.9,166,135,89,CL,1994490,0.000939538,
114,Bonobo,2057.9,215,131,74.2,CL,2089843,0.000984715,
115,Bonobo,764.6,129,95.1,74.7,CL,916412.13,0.000834341,
116,Bonobo,1369.2,163,158,71,CL,1828534,0.000748797,
117,Bonobo,963.1,169,156,57.9,CL,1526475.6,0.00063093,
118,Bonobo,913.5,173,117.2,65.2,CL,1321969.12,0.000691015,
119,Bonobo,1185,182,129,55,CL,1291290,0.000917687,
120,Bonobo,1824,184,129,107.3,CL,2546872.8,0.000716172,
121,Bonobo,732.9,155,108.3,65.3,CL,1096158.45,0.000668608,
122,Bonobo,903.9,170,99.9,79.2,CL,1345053.6,0.000672018,
123,Bonobo,871.8,148.1,113.5,54.8,CL,921152.38,0.000946423,
124,Bonobo,1276.3,151,104.2,86.7,CL,1364155.14,0.000935597,
125,Bonobo,1291.5,153,116.1,86.3,CL,1532972.79,0.000842481,
126,Bonobo,1186.7,151.2,112.7,98.5,CL,1678463.64,0.000707016,
127,Bonobo,2108.7,182,156,82.8,CL,2350857.6,0.000896992,
128,Bonobo,1026.6,147,128.8,80.4,CL,1522261.44,0.000674391,
129,Bonobo,1031,164,108.6,65.8,CL,1171924.32,0.00087975,
130,Bonobo,619.2,119.1,112.1,70.3,CL,938583.033,0.000659718,
131,Bonobo,779,161,111,57.6,CL,1029369.6,0.000756774,
132,Bonobo,977.8,171,97.1,58.3,CL,968019.03,0.001010104,
133,Bonobo,1105.6,158,105.4,65.1,CL,1084123.32,0.00101981,
134,Bonobo,992,140.6,126.5,76.6,CL,1362399.94,0.000728127,
135,Bonobo,1025.6,141.1,97.2,95.3,CL,1307031.876,0.000784679,
136,Bonobo,2227.1,186,136,90.1,CL,2279169.6,0.000977154,
137,Bonobo,1277.1,164,122,88,CL,1760704,0.000725335,
138,Bonobo,1696.4,203,142.9,75.4,CL,2187255.98,0.000775584,
139,Bonobo,898,171,98.6,80.4,CL,1355592.24,0.000662441,
140,Bonobo,948.1,135.1,86.5,80.7,CL,943072.305,0.001005331,
141,Bonobo,1914.3,163,122,106,CL,2107916,0.000908148,
142,Bonobo,1876.3,201,127,122,CL,3114294,0.00060248,
143,Bonobo,1670,194,124,105,CL,2525880,0.000661156,
144,Bonobo,492.6,140.6,99.9,56.9,CL,799213.986,0.000616356,
145,Bonobo,577,119.6,105.3,77.9,CL,981063.252,0.000588137,
146,Bonobo,790.4,142,119.1,71.6,CL,1210913.52,0.00065273,
147,Bonobo,805.9,121.9,106,86.6,CL,1118993.24,0.000720201,
148,Bonobo,1643.6,138,106.2,104,CL,1524182.4,0.001078349,
149,Bonobo,1678.3,215,139,60.3,CL,1802065.5,0.00093132,
150,Bonobo,2111.3,201,143,85.1,CL,2446029.3,0.000863154,
151,Bonobo,849.8,164,91.8,67,CL,1008698.4,0.000842472,
152,Bonobo,1323.8,170,143,69,CL,1677390,0.000789202,
153,Bonobo,1643.2,152.2,150,123,CL,2808090,0.000585166,
154,Bonobo,1728.7,169,101.1,78.9,CL,1348077.51,0.001282345,
155,Bonobo,1004.9,171,101.6,81.7,CL,1419423.12,0.000707964,
156,Bonobo,1033.6,152,128,64.1,CL,1247129.6,0.000828783,
157,Bonobo,812.2,154.1,123,54.7,CL,1036800.21,0.000783372,
158,Bonobo,705.6,151,114.7,47.6,CL,824417.72,0.000855877,
159,Bonobo,1986.3,211,115.9,96.3,CL,2355006.87,0.000843437,
160,Bonobo,2267.2,178,142,108.8,CL,2750028.8,0.000824428,
161,Bonobo,2126.8,178,143,119.4,CL,3039207.6,0.000699788,
162,Bonobo,757.6,168,89.8,66.5,CL,1003245.6,0.000755149,
163,Bonobo,1077,172,123.7,63.6,CL,1353179.04,0.000795904,
164,Bonobo,1549.6,159,115.6,112.5,CL,2067795,0.000749397,
165,Bonobo,1976.1,171,165,87,CL,2454705,0.000805025,
166,Bonobo,1128.9,139,90.8,87.5,CL,1104355,0.001022226,
167,Bonobo,987.6,129.6,128,87,CL,1443225.6,0.000684301,
168,Bonobo,1398.6,175,136,90.7,CL,2158660,0.000647902,
169,Bonobo,1592.7,179,137.3,77.1,CL,1894863.57,0.000840535,
170,Bonobo,1605.7,184,109.2,73.9,CL,1484857.92,0.001081383,
171,Bonobo,1322.4,203,119.1,63.4,CL,1532840.82,0.000862712,
172,Bonobo,1905.9,173,140,123.7,CL,2996014,0.000636145,
173,Bonobo,1121.6,194,135.1,60.5,CL,1585668.7,0.000707336,
174,Bonobo,2221.2,176,146,91.2,CL,2343475.2,0.000947823,
175,Bonobo,1540.5,184,120.8,70.1,CL,1558126.72,0.000988687,
176,Bonobo,1037.6,158,92.1,87.7,CL,1276192.86,0.000813043,
177,Bonobo,1592.8,171,146,72.9,CL,1820021.4,0.000875155,
178,Bonobo,1576.4,173,106.4,105.6,CL,1943800.32,0.000810989,
179,Bonobo,1190.7,141.8,129.1,102.1,CL,1869081.398,0.000637051,
180,Bonobo,1160.4,133.5,107.6,101.6,CL,1459443.36,0.000795098,
181,Bonobo,1801.8,180,155,85.4,CL,2382660,0.000756214,
182,Bonobo,2223.2,184,153,91.8,CL,2584353.6,0.000860254,
183,Bonobo,1844.2,146.7,129.1,106.7,CL,2020788.099,0.000912614,
184,Bonobo,1852.9,167,111.1,99,CL,1836816.3,0.001008756,
185,Bonobo,1970,188,161,91,CL,2754388,0.000715222,
186,Bonobo,764.3,147.3,109.4,62,CL,999106.44,0.000764984,
187,Bonobo,1989.8,168,126,119,CL,2518992,0.000789919,
188,Bonobo,1069.4,142.4,122,70.2,CL,1219570.56,0.000876866,
189,Bonobo,968,192,109.1,45.2,CL,946813.44,0.001022377,
190,Bonobo,1443.6,158,106,99.8,CL,1671450.4,0.000863681,
191,Bonobo,1802.3,192,143,75.8,CL,2081164.8,0.000866005,
192,Bonobo,1961.1,181,114,101,CL,2084034,0.000941012,
193,Bonobo,1118.3,131.9,129.4,91.8,CL,1566829.548,0.000713734,
194,Bonobo,1473.1,159,133,81,CL,1712907,0.00086,
195,Bonobo,1304.6,166,122.9,108,CL,2203351.2,0.000592098,
196,Bonobo,1199.2,154.8,124.8,91.7,CL,1771555.968,0.000676919,
197,Bonobo,782.4,167,79.2,69.4,CL,917912.16,0.000852369,
198,Bonobo,1129.8,148,121.6,74.5,CL,1340761.6,0.000842655,
199,Bonobo,608.3,133.7,96.1,68.7,CL,882696.759,0.000689138,
200,Bonobo,1195.2,167,106.7,68.9,CL,1227722.21,0.00097351,
201,Bonobo,1403.2,144,117.4,76.6,CL,1294968.96,0.001083578,
202,Bonobo,1400.6,188,123,81.8,CL,1891543.2,0.000740454,
203,Bonobo,981.6,123.3,114,101,CL,1419676.2,0.000691425,
204,Bonobo,943.8,165,122.3,54.9,CL,1107854.55,0.000851917,
205,Bonobo,807.8,144.9,107.7,63.9,CL,997206.147,0.000810063,
206,Bonobo,1981.8,160,136,117,CL,2545920,0.000778422,
207,Bonobo,1377.9,202,109.4,80,CL,1767904,0.000779398,
208,Bonobo,1485.5,204,126.1,106.7,CL,2744793.48,0.000541206,
209,Bonobo,1721.7,152.9,127,116.9,CL,2269999.27,0.000758458,
210,Bonobo,833,145,104.3,57.2,CL,865064.2,0.000962934,
211,Bonobo,991.9,164,99.6,61.2,CL,999665.28,0.000992232,
212,Bonobo,1130.4,162,114.9,68,CL,1265738.4,0.000893076,
213,Bonobo,1210.7,140,118,90,CL,1486800,0.000814299,
214,Bonobo,1452.3,167,112.5,102.7,CL,1929476.25,0.000752691,
215,Bonobo,1239.1,149.1,129.8,85.4,CL,1652761.572,0.000749715,
216,Bonobo,1658.9,208,137,81,CL,2308176,0.000718706,
217,Bonobo,1258.8,176,110,73,CL,1413280,0.000890694,
218,Bonobo,903.4,133,123,67.3,CL,1100960.7,0.000820556,
219,Bonobo,1026.4,151,113.7,68,CL,1167471.6,0.000879165,
220,Bonobo,562.5,119.2,108.6,51.3,CL,664084.656,0.000847031,
221,Bonobo,2271.2,183.5,128.9,101.7,CL,2405525.355,0.00094416,
222,Bonobo,1902.7,215,150.5,87.22,CL,2822221.15,0.000674185,
223,Bonobo,1546.7,165,129.2,93.8,CL,1999628.4,0.000773494,
224,Bonobo,666.7,134.6,88.9,62.9,CL,752657.626,0.000885795,
225,Bonobo,612.7,140.9,114.7,61.2,CL,989067.276,0.000619473,
226,Bonobo,1210.7,170.7,145.9,80.8,CL,2012334.504,0.00060164,
227,Bonobo,1573.4,158.3,126.8,82.3,CL,1651961.812,0.000952443,
228,Bonobo,1817.9,155.3,150.1,93.9,CL,2188858.767,0.000830524,
229,Bonobo,644.6,117.8,104.2,75.4,CL,925516.904,0.000696476,
230,Bonobo,698.6,131,104.7,86.7,CL,1189151.19,0.000587478,
231,Bonobo,1758.3,160.2,147.5,90.9,CL,2147921.55,0.000818605,
232,Bonobo,1977,161.1,122.4,118.6,CL,2338630.704,0.000845366,
233,Bonobo,1547.7,145.6,134.6,70.3,CL,1377722.528,0.001123376,
234,Bonobo,1095.4,132.4,116.7,82.4,CL,1273168.992,0.000860373,
235,Bonobo,948.1,165.2,98.2,79.1,CL,1283210.824,0.00073885,
236,Bonobo,1336.9,171.6,134.1,83.5,CL,1921465.26,0.000695771,
237,Bonobo,1088.3,158.1,119.9,90.4,CL,1713639.576,0.000635081,
238,Bonobo,1408.9,168.8,125.3,88.6,CL,1873946.704,0.000751836,
239,Bonobo,919.6,149.9,120,86,CL,1546968,0.000594453,
240,Bonobo,562.9,131.4,80.2,48.9,CL,515321.892,0.001092327,
241,Bonobo,1778.1,177.9,146.3,93.4,CL,2430900.318,0.000731457,
242,Bonobo,967,136.4,87.4,86,CL,1025236.96,0.000943197,
243,Bonobo,888.8,180.8,96.9,65.9,CL,1154536.368,0.000769833,
244,Bonobo,1134.9,139.2,108.8,89.1,CL,1349415.936,0.000841031,
245,Bonobo,1797.6,190.5,110.1,81.9,CL,1717774.695,0.00104647,
246,Bonobo,896.4,122.4,104.1,86.3,CL,1099620.792,0.00081519,
247,Bonobo,853.4,150,121,67.3,CL,1221495,0.000698652,
248,Bonobo,1109.3,156.6,109.2,102.7,CL,1756243.944,0.000631632,
249,Bonobo,1115.6,129.1,125.1,74,CL,1195130.34,0.000933455,
250,Bonobo,1398.8,173.6,90.6,104.8,CL,1648311.168,0.000848626,
251,Bonobo,895.8,156.2,108.1,64.9,CL,1095850.778,0.000817447,
